映画タイトル,リンク
マッドマックス　フュリオサ,https://wwws.warnerbros.co.jp/madmaxfuriosa/index.html
ミッシング,https://wwws.warnerbros.co.jp/missing/
基盤斬り,https://gobangiri-movie.com/
猿の惑星　キングダム,https://www.20thcenturystudios.jp/movies/kingdom-apes
関心領域,https://happinet-phantom.com/thezoneofinterest/
青春18×2君へと続く道,https://happinet-phantom.com/seishun18x2/
デッドデッドデーモンズデデデデデストラクション　後章,https://dededede.jp/
帰ってきた　あぶない刑事,https://abu-deka.com/
劇場版「ウマ娘　プリティダービー　新時代の扉」,https://movie-umamusume.jp/
ボブ・マーリー　ONE LOVE,https://bobmarley-onelove.jp/
悪は存在しない,https://aku.incline.life/
ゴジラ-1.0,https://godzilla-movie2023.toho.co.jp/
鬼平犯科帳　血闘,https://onihei-hankacho.com/movie/
映画　からかい上手の高木さん,https://takagi3-movie.jp/
ゴジラ×コング　新たなる帝国,https://godzilla-movie.jp/
バジーノイズ,https://gaga.ne.jp/buzzynoise_movie/
トラペジウム,https://trapezium-movie.com/
胸騒ぎ,https://sundae-films.com/muna-sawagi/
湖の女たち,https://thewomeninthelakes.jp/
恋するプリテンダー,https://www.koipuri-movie.jp/